Workbook

Sheet Read Me
A1: Movie Ticket Booking System: Module 2 Test Cases
A2: Module 2: Seat Selection & Booking | Author: Sriram Iyer | JIRA project key: MTB
A4: How to use
A5: Step 1 | B5: Run the automatic tests in the project folder: python -m pytest tests/test_module2.py -v
A6: Step 2 | B6: Each line of the output ends with PASSED or FAILED next to its Test Case ID (M2_TC01 to M2_TC42).
A7: Step 3 | B7: In the 'Test Cases' sheet fill the yellow cells: Actual Result, Status and Bug ID (if the test failed).
A8: Step 4 | B8: For every FAILED test create a Bug in JIRA, then copy its details into the 'Bug Log' sheet.
A9: Step 5 | B9: After the bug is fixed, run the tests again and update the Status to Pass. Keep the first failed run as evidence.
A11: Colour legend
A12: Yellow cell | B12: You fill this cell (Actual Result, Status, Bug ID, and the Bug Log entries).
A13: White cell | B13: Prepared in advance. Expected results come from requirements FR9 to FR16 in JIRA task MTB-3.
A14: Status colours | B14: Pass = green, Fail = red, Not Run = grey (automatic).
A16: Assumptions | B16: Hall layout: rows A to E with 8 seats each (40 seats). Show 1 costs Rs. 200 per seat and show 2 costs Rs. 250 per seat. Test Level: Unit = seat validation function, Functional = routes and pages, Integration = routes with database.

Sheet Test Cases
A1: Test Case ID | B1: Module | C1: Test Scenario | D1: Test Data | E1: Expected Result | F1: Actual Result | G1: Status | H1: Technique | I1: Test Level | J1: Requirement | K1: Bug ID
A2: M2_TC01 | B2: Seat Selection | C2: Submit with no seat selected | D2: Seats: (none) | E2: Error 'Select at least 1 seat.' is shown; nothing is saved | G2: Not Run | H2: Boundary Value Analysis | I2: Unit | J2: FR12
A3: M2_TC02 | B3: Seat Selection | C3: Select 1 seat (minimum) | D3: Seats: A1 | E3: Selection is accepted | G3: Not Run | H3: Boundary Value Analysis | I3: Unit | J3: FR12
A4: M2_TC03 | B4: Seat Selection | C4: Select 3 seats | D4: Seats: A1, A2, A3 | E4: Selection is accepted | G4: Not Run | H4: Equivalence Partitioning | I4: Unit | J4: FR12
A5: M2_TC04 | B5: Seat Selection | C5: Select 6 seats (maximum) | D5: Seats: B1, B2, B3, B4, B5, B6 | E5: Selection is accepted | G5: Not Run | H5: Boundary Value Analysis | I5: Unit | J5: FR12
A6: M2_TC05 | B6: Seat Selection | C6: Select 7 seats (above maximum) | D6: Seats: B1 to B7 | E6: Error 'You can book a maximum of 6 seats at a time.' is shown | G6: Not Run | H6: Boundary Value Analysis | I6: Unit | J6: FR12
A7: M2_TC06 | B7: Seat Selection | C7: Seat with unknown row | D7: Seats: Z9 | E7: Error 'Invalid seat selected.' is shown | G7: Not Run | H7: Equivalence Partitioning | I7: Unit | J7: FR11
A8: M2_TC07 | B8: Seat Selection | C8: Seat number above the last seat of a row | D8: Seats: A9 | E8: Error 'Invalid seat selected.' is shown | G8: Not Run | H8: Boundary Value Analysis | I8: Unit | J8: FR11
A9: M2_TC08 | B9: Seat Selection | C9: Seat number below the first seat of a row | D9: Seats: A0 | E9: Error 'Invalid seat selected.' is shown | G9: Not Run | H9: Boundary Value Analysis | I9: Unit | J9: FR11
A10: M2_TC09 | B10: Seat Selection | C10: First and last seat of the hall | D10: Seats: A1, E8 | E10: Selection is accepted | G10: Not Run | H10: Boundary Value Analysis | I10: Unit | J10: FR11
A11: M2_TC10 | B11: Seat Selection | C11: Same seat sent twice | D11: Seats: A1, A1 | E11: Error 'Duplicate seats selected.' is shown | G11: Not Run | H11: Error Guessing | I11: Unit | J11: FR13
A12: M2_TC11 | B12: Seat Selection | C12: Seat that is already booked | D12: Seats: C3 (C3 already booked) | E12: Error 'Seat(s) already booked: C3.' is shown | G12: Not Run | H12: Equivalence Partitioning | I12: Unit | J12: FR13
A13: M2_TC12 | B13: Seat Selection | C13: Seat label in lowercase | D13: Seats: a1 | E13: Error 'Invalid seat selected.' is shown | G13: Not Run | H13: Error Guessing | I13: Unit | J13: FR11
... A43: M2_TC42 | B43: Booking | C43: Book a show whose date is in the past | D43: Set the date of show 1 to 2020-01-01, then book A1 | E43: Booking is rejected and nothing is saved | G43: Not Run | H43: Equivalence Partitioning | I43: Functional | J43: FR10

Sheet Bug Log
A1: Bug ID | B1: Bug Description | C1: Related Test Case | D1: Steps to Reproduce | E1: Severity | F1: Priority | G1: Status | H1: Resolution | I1: Retest Result

Sheet Summary
A1: Test Execution Summary: Module 2
A3: Total test cases | B3: =COUNTA('Test Cases'!$A$2:$A$200) -> 42
A4: Passed | B4: =COUNTIF('Test Cases'!$G$2:$G$200,"Pass") -> 0
A5: Failed | B5: =COUNTIF('Test Cases'!$G$2:$G$200,"Fail") -> 0
A6: Not run yet | B6: =COUNTIF('Test Cases'!$G$2:$G$200,"Not Run") -> 42
A7: Pass percentage (of executed) | B7: =IF(B4+B5=0,0,B4/(B4+B5)) -> 0
A8: Bugs logged | B8: =COUNTA('Bug Log'!$A$2:$A$13) -> 0
A11: Technique | B11: Total | C11: Pass | D11: Fail
A12: Boundary Value Analysis | B12: =COUNTIF('Test Cases'!$H$2:$H$200,A12) -> 9 | C12: =COUNTIFS('Test Cases'!$H$2:$H$200,A12,'Test Cases'!$G$2:$G$200,"Pass") -> 0 | D12: =COUNTIFS('Test Cases'!$H$2:$H$200,A12,'Test Cases'!$G$2:$G$200,"Fail") -> 0
A13: Equivalence Partitioning | B13: =COUNTIF('Test Cases'!$H$2:$H$200,A13) -> 8 | C13: =COUNTIFS('Test Cases'!$H$2:$H$200,A13,'Test Cases'!$G$2:$G$200,"Pass") -> 0 | D13: =COUNTIFS('Test Cases'!$H$2:$H$200,A13,'Test Cases'!$G$2:$G$200,"Fail") -> 0
A14: Error Guessing | B14: =COUNTIF('Test Cases'!$H$2:$H$200,A14) -> 7 | C14: =COUNTIFS('Test Cases'!$H$2:$H$200,A14,'Test Cases'!$G$2:$G$200,"Pass") -> 0 | D14: =COUNTIFS('Test Cases'!$H$2:$H$200,A14,'Test Cases'!$G$2:$G$200,"Fail") -> 0
A15: Functional Testing | B15: =COUNTIF('Test Cases'!$H$2:$H$200,A15) -> 11 | C15: =COUNTIFS('Test Cases'!$H$2:$H$200,A15,'Test Cases'!$G$2:$G$200,"Pass") -> 0 | D15: =COUNTIFS('Test Cases'!$H$2:$H$200,A15,'Test Cases'!$G$2:$G$200,"Fail") -> 0
A16: Integration Testing | B16: =COUNTIF('Test Cases'!$H$2:$H$200,A16) -> 7 | C16: =COUNTIFS('Test Cases'!$H$2:$H$200,A16,'Test Cases'!$G$2:$G$200,"Pass") -> 0 | D16: =COUNTIFS('Test Cases'!$H$2:$H$200,A16,'Test Cases'!$G$2:$G$200,"Fail") -> 0
A19: Test Level | B19: Total | C19: Pass | D19: Fail
A20: Unit | B20: =COUNTIF('Test Cases'!$I$2:$I$200,A20) -> 14 | C20: =COUNTIFS('Test Cases'!$I$2:$I$200,A20,'Test Cases'!$G$2:$G$200,"Pass") -> 0 | D20: =COUNTIFS('Test Cases'!$I$2:$I$200,A20,'Test Cases'!$G$2:$G$200,"Fail") -> 0
A21: Functional | B21: =COUNTIF('Test Cases'!$I$2:$I$200,A21) -> 21 | C21: =COUNTIFS('Test Cases'!$I$2:$I$200,A21,'Test Cases'!$G$2:$G$200,"Pass") -> 0 | D21: =COUNTIFS('Test Cases'!$I$2:$I$200,A21,'Test Cases'!$G$2:$G$200,"Fail") -> 0
A22: Integration | B22: =COUNTIF('Test Cases'!$I$2:$I$200,A22) -> 7 | C22: =COUNTIFS('Test Cases'!$I$2:$I$200,A22,'Test Cases'!$G$2:$G$200,"Pass") -> 0 | D22: =COUNTIFS('Test Cases'!$I$2:$I$200,A22,'Test Cases'!$G$2:$G$200,"Fail") -> 0
